{"cameraMode":{"drawMode":0,"name":"Shaded","section":"Shading Mode"},"sceneLighting":false,"audioPlay":false,"sceneViewState":{"m_AlwaysRefresh":false,"showFog":true,"showSkybox":false,"showFlares":true,"showImageEffects":true,"showParticleSystems":true,"showVisualEffectGraphs":true,"m_FxEnabled":true},"in2DMode":false,"pivot":{"x":0.0000011920928955078126,"y":1.100000023841858,"z":-1.1920928955078126e-7},"rotation":{"x":-0.6968632936477661,"y":-0.0019389112712815405,"z":0.0018824927974492312,"w":-0.7172112464904785},"size":2.173534393310547,"orthographic":false}